{"train_acc":0.7212079432733636,"test_loss":9.785595772114206,"_wandb":{"runtime":293},"test_acc":0.20866666666666667,"_timestamp":1.729079375465674e+09,"_runtime":293.121837,"_step":10,"train_loss":1.1157564823220416}