{"test_loss":3.0802612406142216,"test_acc":0.17099999999999996,"_timestamp":1.729079064625695e+09,"_runtime":57.836048,"_wandb":{"runtime":57},"_step":2,"train_loss":2.8894925803672975,"train_acc":0.18802085448598024}