{"test_loss":3.421839267649549,"test_acc":0.03333333333333333,"_timestamp":1.729077943239796e+09,"_wandb":{"runtime":125},"_runtime":125.54755,"_step":4,"train_loss":3.382983170486078,"train_acc":0.032972644169688266}