{"train_loss":2.881738397551746,"train_acc":0.1800330338774016,"test_loss":3.0217332916056856,"test_acc":0.17666666666666667,"_timestamp":1.7290789595001621e+09,"_runtime":62.100562,"_wandb":{"runtime":62},"_step":2}